symbol	status	trend_passed	trend_soft	setup_passed	setup_state	setup_soft	entry_passed	action	trigger_state	entry_soft	ext_atr	vol_ratio	rr	risk_pct	reason
BTCUSDT	ok	False	1/4	False	higher_timeframe_blocked	0/10	False	SKIP	higher_timeframe_blocked	0/8					Trend 12h rejected: hard conditions failed: ['close_above_ema200', 'ema50_above_ema200', 'ema200_slope_up']
ETHUSDT	ok	False	2/4	False	higher_timeframe_blocked	0/10	False	SKIP	higher_timeframe_blocked	0/8					Trend 12h rejected: hard conditions failed: ['close_above_ema200', 'ema50_above_ema200', 'ema200_slope_up']
BNBUSDT	ok	False	1/4	False	higher_timeframe_blocked	0/10	False	SKIP	higher_timeframe_blocked	0/8					Trend 12h rejected: hard conditions failed: ['close_above_ema200', 'ema50_above_ema200', 'ema200_slope_up']
XRPUSDT	ok	False	2/4	False	higher_timeframe_blocked	0/10	False	SKIP	higher_timeframe_blocked	0/8					Trend 12h rejected: hard conditions failed: ['close_above_ema200', 'ema50_above_ema200', 'ema200_slope_up']
USDCUSDT	ok	False	2/4	False	higher_timeframe_blocked	0/10	False	SKIP	higher_timeframe_blocked	0/8					Trend 12h rejected: hard conditions failed: ['close_above_ema200', 'ema50_above_ema200', 'ema200_slope_up']
SOLUSDT	ok	False	2/4	False	higher_timeframe_blocked	0/10	False	SKIP	higher_timeframe_blocked	0/8					Trend 12h rejected: hard conditions failed: ['close_above_ema200', 'ema50_above_ema200', 'ema200_slope_up']
TRXUSDT	ok	True	4/4	False	trend_breakdown	7/10	False	SKIP	higher_timeframe_blocked	0/8					4h setup rejected: hard conditions failed: ['structure_not_broken', 'not_reoverextended']
STETHUSDT	ok	False	2/4	False	higher_timeframe_blocked	0/10	False	SKIP	higher_timeframe_blocked	0/8					Trend 12h rejected: hard conditions failed: ['close_above_ema200', 'ema50_above_ema200', 'ema200_slope_up']
DOGEUSDT	ok	False	1/4	False	higher_timeframe_blocked	0/10	False	SKIP	higher_timeframe_blocked	0/8					Trend 12h rejected: hard conditions failed: ['close_above_ema200', 'ema50_above_ema200', 'ema200_slope_up']
HYPEUSDT	ok	True	4/4	False	trend_breakdown	3/10	False	SKIP	higher_timeframe_blocked	0/8					4h setup rejected: hard conditions failed: ['structure_not_broken']
BCHUSDT	ok	False	0/4	False	higher_timeframe_blocked	0/10	False	SKIP	higher_timeframe_blocked	0/8					Trend 12h rejected: hard conditions failed: ['close_above_ema200', 'ema50_above_ema200', 'ema200_slope_up']
ADAUSDT	ok	False	2/4	False	higher_timeframe_blocked	0/10	False	SKIP	higher_timeframe_blocked	0/8					Trend 12h rejected: hard conditions failed: ['close_above_ema200', 'ema50_above_ema200', 'ema200_slope_up']
WBTCUSDT	ok	False	1/4	False	higher_timeframe_blocked	0/10	False	SKIP	higher_timeframe_blocked	0/8					Trend 12h rejected: hard conditions failed: ['close_above_ema200', 'ema50_above_ema200', 'ema200_slope_up']
LINKUSDT	ok	False	1/4	False	higher_timeframe_blocked	0/10	False	SKIP	higher_timeframe_blocked	0/8					Trend 12h rejected: hard conditions failed: ['close_above_ema200', 'ema50_above_ema200', 'ema200_slope_up']
USDEUSDT	ok	False	4/4	False	higher_timeframe_blocked	0/10	False	SKIP	higher_timeframe_blocked	0/8					Trend 12h rejected: hard conditions failed: ['ema200_slope_up']
CCUSDT	ok	False	0/4	False	higher_timeframe_blocked	0/10	False	SKIP	higher_timeframe_blocked	0/8					Trend 12h rejected: hard conditions failed: ['close_above_ema200', 'ema200_slope_up']
DAIUSDT	ok	False	2/4	False	higher_timeframe_blocked	0/10	False	SKIP	higher_timeframe_blocked	0/8					Trend 12h rejected: hard conditions failed: ['close_above_ema200', 'ema50_above_ema200', 'ema200_slope_up']
XLMUSDT	ok	False	1/4	False	higher_timeframe_blocked	0/10	False	SKIP	higher_timeframe_blocked	0/8					Trend 12h rejected: hard conditions failed: ['close_above_ema200', 'ema50_above_ema200', 'ema200_slope_up']
USD1USDT	ok	False	2/4	False	higher_timeframe_blocked	0/10	False	SKIP	higher_timeframe_blocked	0/8					Trend 12h rejected: hard conditions failed: ['close_above_ema200', 'ema50_above_ema200', 'ema200_slope_up']
LTCUSDT	ok	False	2/4	False	higher_timeframe_blocked	0/10	False	SKIP	higher_timeframe_blocked	0/8					Trend 12h rejected: hard conditions failed: ['close_above_ema200', 'ema50_above_ema200', 'ema200_slope_up']
PYUSDUSDT	ok	False	3/4	False	higher_timeframe_blocked	0/10	False	SKIP	higher_timeframe_blocked	0/8					Trend 12h rejected: hard conditions failed: ['ema50_above_ema200', 'ema200_slope_up']
AVAXUSDT	ok	False	1/4	False	higher_timeframe_blocked	0/10	False	SKIP	higher_timeframe_blocked	0/8					Trend 12h rejected: hard conditions failed: ['close_above_ema200', 'ema50_above_ema200', 'ema200_slope_up']
HBARUSDT	ok	False	1/4	False	higher_timeframe_blocked	0/10	False	SKIP	higher_timeframe_blocked	0/8					Trend 12h rejected: hard conditions failed: ['close_above_ema200', 'ema50_above_ema200', 'ema200_slope_up']
SUIUSDT	ok	False	1/4	False	higher_timeframe_blocked	0/10	False	SKIP	higher_timeframe_blocked	0/8					Trend 12h rejected: hard conditions failed: ['close_above_ema200', 'ema50_above_ema200', 'ema200_slope_up']
SHIBUSDT	ok	False	1/4	False	higher_timeframe_blocked	0/10	False	SKIP	higher_timeframe_blocked	0/8					Trend 12h rejected: hard conditions failed: ['close_above_ema200', 'ema50_above_ema200', 'ema200_slope_up']
TONUSDT	ok	False	1/4	False	higher_timeframe_blocked	0/10	False	SKIP	higher_timeframe_blocked	0/8					Trend 12h rejected: hard conditions failed: ['close_above_ema200', 'ema50_above_ema200', 'ema200_slope_up']
WLFIUSDT	ok	False	1/4	False	higher_timeframe_blocked	0/10	False	SKIP	higher_timeframe_blocked	0/8					Trend 12h rejected: hard conditions failed: ['close_above_ema200', 'ema50_above_ema200', 'ema200_slope_up']
XAUTUSDT	ok	False	1/4	False	higher_timeframe_blocked	0/10	False	SKIP	higher_timeframe_blocked	0/8					Trend 12h rejected: hard conditions failed: ['close_above_ema200', 'ema200_slope_up']
DOTUSDT	ok	False	0/4	False	higher_timeframe_blocked	0/10	False	SKIP	higher_timeframe_blocked	0/8					Trend 12h rejected: hard conditions failed: ['close_above_ema200', 'ema50_above_ema200', 'ema200_slope_up']
MNTUSDT	ok	False	3/4	False	higher_timeframe_blocked	0/10	False	SKIP	higher_timeframe_blocked	0/8					Trend 12h rejected: hard conditions failed: ['close_above_ema200', 'ema50_above_ema200', 'ema200_slope_up']
UNIUSDT	ok	False	1/4	False	higher_timeframe_blocked	0/10	False	SKIP	higher_timeframe_blocked	0/8					Trend 12h rejected: hard conditions failed: ['close_above_ema200', 'ema50_above_ema200', 'ema200_slope_up']
SKYUSDT	ok	True	2/4	False	trend_breakdown	6/10	False	SKIP	higher_timeframe_blocked	0/8					4h setup rejected: hard conditions failed: ['structure_not_broken']
ASTERUSDT	ok	False	1/4	False	higher_timeframe_blocked	0/10	False	SKIP	higher_timeframe_blocked	0/8					Trend 12h rejected: hard conditions failed: ['close_above_ema200', 'ema50_above_ema200', 'ema200_slope_up']
NEARUSDT	ok	False	2/4	False	higher_timeframe_blocked	0/10	False	SKIP	higher_timeframe_blocked	0/8					Trend 12h rejected: hard conditions failed: ['close_above_ema200', 'ema50_above_ema200', 'ema200_slope_up']
AAVEUSDT	ok	False	2/4	False	higher_timeframe_blocked	0/10	False	SKIP	higher_timeframe_blocked	0/8					Trend 12h rejected: hard conditions failed: ['close_above_ema200', 'ema50_above_ema200', 'ema200_slope_up']
HTXUSDT	ok	False	3/4	False	higher_timeframe_blocked	0/10	False	SKIP	higher_timeframe_blocked	0/8					Trend 12h rejected: hard conditions failed: ['ema50_above_ema200', 'ema200_slope_up']
RLUSDUSDT	ok	False	2/4	False	higher_timeframe_blocked	0/10	False	SKIP	higher_timeframe_blocked	0/8					Trend 12h rejected: hard conditions failed: ['close_above_ema200', 'ema50_above_ema200', 'ema200_slope_up']
PEPEUSDT	ok	False	2/4	False	higher_timeframe_blocked	0/10	False	SKIP	higher_timeframe_blocked	0/8					Trend 12h rejected: hard conditions failed: ['close_above_ema200', 'ema50_above_ema200', 'ema200_slope_up']
ICPUSDT	ok	False	1/4	False	higher_timeframe_blocked	0/10	False	SKIP	higher_timeframe_blocked	0/8					Trend 12h rejected: hard conditions failed: ['close_above_ema200', 'ema50_above_ema200', 'ema200_slope_up']
ETCUSDT	ok	False	1/4	False	higher_timeframe_blocked	0/10	False	SKIP	higher_timeframe_blocked	0/8					Trend 12h rejected: hard conditions failed: ['close_above_ema200', 'ema50_above_ema200', 'ema200_slope_up']
ONDOUSDT	ok	False	1/4	False	higher_timeframe_blocked	0/10	False	SKIP	higher_timeframe_blocked	0/8					Trend 12h rejected: hard conditions failed: ['close_above_ema200', 'ema50_above_ema200', 'ema200_slope_up']
USDDUSDT	ok	False	1/4	False	higher_timeframe_blocked	0/10	False	SKIP	higher_timeframe_blocked	0/8					Trend 12h rejected: hard conditions failed: ['close_above_ema200', 'ema50_above_ema200', 'ema200_slope_up']
KCSUSDT	ok	False	0/4	False	higher_timeframe_blocked	0/10	False	SKIP	higher_timeframe_blocked	0/8					Trend 12h rejected: hard conditions failed: ['close_above_ema200', 'ema50_above_ema200', 'ema200_slope_up']
UUSDT	ok	False	1/4	False	higher_timeframe_blocked	0/10	False	SKIP	higher_timeframe_blocked	0/8					Trend 12h rejected: hard conditions failed: ['close_above_ema200', 'ema50_above_ema200', 'ema200_slope_up']
KASUSDT	ok	False	3/4	False	higher_timeframe_blocked	0/10	False	SKIP	higher_timeframe_blocked	0/8					Trend 12h rejected: hard conditions failed: ['close_above_ema200', 'ema50_above_ema200', 'ema200_slope_up']
POLUSDT	ok	False	0/4	False	higher_timeframe_blocked	0/10	False	SKIP	higher_timeframe_blocked	0/8					Trend 12h rejected: hard conditions failed: ['close_above_ema200', 'ema50_above_ema200', 'ema200_slope_up']
WLDUSDT	ok	False	1/4	False	higher_timeframe_blocked	0/10	False	SKIP	higher_timeframe_blocked	0/8					Trend 12h rejected: hard conditions failed: ['close_above_ema200', 'ema50_above_ema200', 'ema200_slope_up']
QNTUSDT	ok	False	3/4	False	higher_timeframe_blocked	0/10	False	SKIP	higher_timeframe_blocked	0/8					Trend 12h rejected: hard conditions failed: ['ema50_above_ema200']
ATOMUSDT	ok	False	0/4	False	higher_timeframe_blocked	0/10	False	SKIP	higher_timeframe_blocked	0/8					Trend 12h rejected: hard conditions failed: ['close_above_ema200', 'ema50_above_ema200', 'ema200_slope_up']
RENDERUSDT	ok	False	3/4	False	higher_timeframe_blocked	0/10	False	SKIP	higher_timeframe_blocked	0/8					Trend 12h rejected: hard conditions failed: ['close_above_ema200', 'ema50_above_ema200', 'ema200_slope_up']
ENAUSDT	ok	False	2/4	False	higher_timeframe_blocked	0/10	False	SKIP	higher_timeframe_blocked	0/8					Trend 12h rejected: hard conditions failed: ['close_above_ema200', 'ema50_above_ema200', 'ema200_slope_up']
ALGOUSDT	ok	False	1/4	False	higher_timeframe_blocked	0/10	False	SKIP	higher_timeframe_blocked	0/8					Trend 12h rejected: hard conditions failed: ['close_above_ema200', 'ema50_above_ema200', 'ema200_slope_up']
APTUSDT	ok	False	2/4	False	higher_timeframe_blocked	0/10	False	SKIP	higher_timeframe_blocked	0/8					Trend 12h rejected: hard conditions failed: ['close_above_ema200', 'ema50_above_ema200', 'ema200_slope_up']
TRUMPUSDT	ok	False	1/4	False	higher_timeframe_blocked	0/10	False	SKIP	higher_timeframe_blocked	0/8					Trend 12h rejected: hard conditions failed: ['close_above_ema200', 'ema50_above_ema200', 'ema200_slope_up']
NIGHTUSDT	ok	False	0/4	False	higher_timeframe_blocked	0/10	False	SKIP	higher_timeframe_blocked	0/8					Недостаточно данных для 12h trend filter
MORPHOUSDT	ok	True	2/4	False	trend_breakdown	4/10	False	SKIP	higher_timeframe_blocked	0/8					4h setup rejected: hard conditions failed: ['close_above_ema200', 'pullback_not_too_deep', 'structure_not_broken']
FLRUSDT	ok	False	1/4	False	higher_timeframe_blocked	0/10	False	SKIP	higher_timeframe_blocked	0/8					Trend 12h rejected: hard conditions failed: ['close_above_ema200', 'ema50_above_ema200', 'ema200_slope_up']
FILUSDT	ok	False	1/4	False	higher_timeframe_blocked	0/10	False	SKIP	higher_timeframe_blocked	0/8					Trend 12h rejected: hard conditions failed: ['close_above_ema200', 'ema50_above_ema200', 'ema200_slope_up']
XDCUSDT	ok	False	0/4	False	higher_timeframe_blocked	0/10	False	SKIP	higher_timeframe_blocked	0/8					Trend 12h rejected: hard conditions failed: ['close_above_ema200', 'ema50_above_ema200', 'ema200_slope_up']
VETUSDT	ok	False	2/4	False	higher_timeframe_blocked	0/10	False	SKIP	higher_timeframe_blocked	0/8					Trend 12h rejected: hard conditions failed: ['close_above_ema200', 'ema50_above_ema200', 'ema200_slope_up']
ZROUSDT	ok	True	2/4	False	trend_breakdown	3/10	False	SKIP	higher_timeframe_blocked	0/8					4h setup rejected: hard conditions failed: ['structure_not_broken']
PUMPUSDT	ok	False	0/4	False	higher_timeframe_blocked	0/10	False	SKIP	higher_timeframe_blocked	0/8					Trend 12h rejected: hard conditions failed: ['close_above_ema200', 'ema50_above_ema200', 'ema200_slope_up']
NEXOUSDT	ok	False	1/4	False	higher_timeframe_blocked	0/10	False	SKIP	higher_timeframe_blocked	0/8					Trend 12h rejected: hard conditions failed: ['close_above_ema200', 'ema50_above_ema200', 'ema200_slope_up']
ARBUSDT	ok	False	1/4	False	higher_timeframe_blocked	0/10	False	SKIP	higher_timeframe_blocked	0/8					Trend 12h rejected: hard conditions failed: ['close_above_ema200', 'ema50_above_ema200', 'ema200_slope_up']
STABLEUSDT	ok	False	0/4	False	higher_timeframe_blocked	0/10	False	SKIP	higher_timeframe_blocked	0/8					Недостаточно данных для 12h trend filter
JSTUSDT	ok	True	4/4	False	trend_breakdown	7/10	False	SKIP	higher_timeframe_blocked	0/8					4h setup rejected: hard conditions failed: ['structure_not_broken']
JUPUSDT	ok	False	0/4	False	higher_timeframe_blocked	0/10	False	SKIP	higher_timeframe_blocked	0/8					Trend 12h rejected: hard conditions failed: ['close_above_ema200', 'ema50_above_ema200', 'ema200_slope_up']
BONKUSDT	ok	False	1/4	False	higher_timeframe_blocked	0/10	False	SKIP	higher_timeframe_blocked	0/8					Trend 12h rejected: hard conditions failed: ['close_above_ema200', 'ema50_above_ema200', 'ema200_slope_up']
TUSDUSDT	ok	False	4/4	False	higher_timeframe_blocked	0/10	False	SKIP	higher_timeframe_blocked	0/8					Trend 12h rejected: hard conditions failed: ['ema200_slope_up']
FETUSDT	ok	False	3/4	False	higher_timeframe_blocked	0/10	False	SKIP	higher_timeframe_blocked	0/8					Trend 12h rejected: hard conditions failed: ['close_above_ema200', 'ema50_above_ema200']
CAKEUSDT	ok	False	1/4	False	higher_timeframe_blocked	0/10	False	SKIP	higher_timeframe_blocked	0/8					Trend 12h rejected: hard conditions failed: ['close_above_ema200', 'ema50_above_ema200', 'ema200_slope_up']
ETHFIUSDT	ok	False	2/4	False	higher_timeframe_blocked	0/10	False	SKIP	higher_timeframe_blocked	0/8					Trend 12h rejected: hard conditions failed: ['close_above_ema200', 'ema50_above_ema200', 'ema200_slope_up']
VIRTUALUSDT	ok	False	1/4	False	higher_timeframe_blocked	0/10	False	SKIP	higher_timeframe_blocked	0/8					Trend 12h rejected: hard conditions failed: ['close_above_ema200', 'ema50_above_ema200', 'ema200_slope_up']
STXUSDT	ok	False	0/4	False	higher_timeframe_blocked	0/10	False	SKIP	higher_timeframe_blocked	0/8					Trend 12h rejected: hard conditions failed: ['close_above_ema200', 'ema50_above_ema200', 'ema200_slope_up']
PENGUUSDT	ok	False	1/4	False	higher_timeframe_blocked	0/10	False	SKIP	higher_timeframe_blocked	0/8					Trend 12h rejected: hard conditions failed: ['close_above_ema200', 'ema50_above_ema200', 'ema200_slope_up']
SEIUSDT	ok	False	2/4	False	higher_timeframe_blocked	0/10	False	SKIP	higher_timeframe_blocked	0/8					Trend 12h rejected: hard conditions failed: ['close_above_ema200', 'ema50_above_ema200', 'ema200_slope_up']
XTZUSDT	ok	False	2/4	False	higher_timeframe_blocked	0/10	False	SKIP	higher_timeframe_blocked	0/8					Trend 12h rejected: hard conditions failed: ['close_above_ema200', 'ema50_above_ema200', 'ema200_slope_up']
CHZUSDT	ok	False	1/4	False	higher_timeframe_blocked	0/10	False	SKIP	higher_timeframe_blocked	0/8					Trend 12h rejected: hard conditions failed: ['close_above_ema200', 'ema50_above_ema200', 'ema200_slope_up']
SUNUSDT	ok	False	3/4	False	higher_timeframe_blocked	0/10	False	SKIP	higher_timeframe_blocked	0/8					Trend 12h rejected: hard conditions failed: ['ema50_above_ema200', 'ema200_slope_up']
NFTUSDT	ok	False	2/4	False	higher_timeframe_blocked	0/10	False	SKIP	higher_timeframe_blocked	0/8					Trend 12h rejected: hard conditions failed: ['close_above_ema200', 'ema50_above_ema200', 'ema200_slope_up']
BTTUSDT	ok	False	2/4	False	higher_timeframe_blocked	0/10	False	SKIP	higher_timeframe_blocked	0/8					Trend 12h rejected: hard conditions failed: ['close_above_ema200', 'ema50_above_ema200', 'ema200_slope_up']
CRVUSDT	ok	False	1/4	False	higher_timeframe_blocked	0/10	False	SKIP	higher_timeframe_blocked	0/8					Trend 12h rejected: hard conditions failed: ['close_above_ema200', 'ema50_above_ema200', 'ema200_slope_up']
IMXUSDT	ok	False	1/4	False	higher_timeframe_blocked	0/10	False	SKIP	higher_timeframe_blocked	0/8					Trend 12h rejected: hard conditions failed: ['close_above_ema200', 'ema50_above_ema200', 'ema200_slope_up']
KAIAUSDT	ok	False	0/4	False	higher_timeframe_blocked	0/10	False	SKIP	higher_timeframe_blocked	0/8					Trend 12h rejected: hard conditions failed: ['close_above_ema200', 'ema50_above_ema200', 'ema200_slope_up']
INJUSDT	ok	False	0/4	False	higher_timeframe_blocked	0/10	False	SKIP	higher_timeframe_blocked	0/8					Trend 12h rejected: hard conditions failed: ['close_above_ema200', 'ema50_above_ema200', 'ema200_slope_up']
AEROUSDT	ok	False	1/4	False	higher_timeframe_blocked	0/10	False	SKIP	higher_timeframe_blocked	0/8					Trend 12h rejected: hard conditions failed: ['close_above_ema200', 'ema50_above_ema200', 'ema200_slope_up']
TIAUSDT	ok	False	2/4	False	higher_timeframe_blocked	0/10	False	SKIP	higher_timeframe_blocked	0/8					Trend 12h rejected: hard conditions failed: ['close_above_ema200', 'ema50_above_ema200', 'ema200_slope_up']
FRAXUSDT	ok	False	0/4	False	higher_timeframe_blocked	0/10	False	SKIP	higher_timeframe_blocked	0/8					Недостаточно данных для 12h trend filter
FLOKIUSDT	ok	False	1/4	False	higher_timeframe_blocked	0/10	False	SKIP	higher_timeframe_blocked	0/8					Trend 12h rejected: hard conditions failed: ['close_above_ema200', 'ema50_above_ema200', 'ema200_slope_up']
SPXUSDT	ok	False	1/4	False	higher_timeframe_blocked	0/10	False	SKIP	higher_timeframe_blocked	0/8					Trend 12h rejected: hard conditions failed: ['close_above_ema200', 'ema50_above_ema200', 'ema200_slope_up']
JASMYUSDT	ok	False	2/4	False	higher_timeframe_blocked	0/10	False	SKIP	higher_timeframe_blocked	0/8					Trend 12h rejected: hard conditions failed: ['close_above_ema200', 'ema50_above_ema200', 'ema200_slope_up']
GRTUSDT	ok	False	1/4	False	higher_timeframe_blocked	0/10	False	SKIP	higher_timeframe_blocked	0/8					Trend 12h rejected: hard conditions failed: ['close_above_ema200', 'ema50_above_ema200', 'ema200_slope_up']
VVVUSDT	ok	True	3/4	False	reclaim_in_progress	5/10	False	SKIP	higher_timeframe_blocked	0/8					4h setup rejected: not enough soft confirmations: 5/10; failed: ['adx_acceptable', 'near_ema20_after_reclaim', 'obv_bullish_state', 'obv_strength_supportive', 'obv_bullish_divergence']
2ZUSDT	ok	False	2/4	False	higher_timeframe_blocked	0/10	False	SKIP	higher_timeframe_blocked	0/8					Trend 12h rejected: hard conditions failed: ['close_above_ema200', 'ema50_above_ema200', 'ema200_slope_up']
HUSDT	ok	False	1/4	False	higher_timeframe_blocked	0/10	False	SKIP	higher_timeframe_blocked	0/8					Trend 12h rejected: hard conditions failed: ['close_above_ema200', 'ema50_above_ema200', 'ema200_slope_up']
LITUSDT	ok	False	0/4	False	higher_timeframe_blocked	0/10	False	SKIP	higher_timeframe_blocked	0/8					Недостаточно данных для 12h trend filter
IPUSDT	ok	False	1/4	False	higher_timeframe_blocked	0/10	False	SKIP	higher_timeframe_blocked	0/8					Trend 12h rejected: hard conditions failed: ['close_above_ema200', 'ema50_above_ema200', 'ema200_slope_up']
OPUSDT	ok	False	1/4	False	higher_timeframe_blocked	0/10	False	SKIP	higher_timeframe_blocked	0/8					Trend 12h rejected: hard conditions failed: ['close_above_ema200', 'ema50_above_ema200', 'ema200_slope_up']
LDOUSDT	ok	False	1/4	False	higher_timeframe_blocked	0/10	False	SKIP	higher_timeframe_blocked	0/8					Trend 12h rejected: hard conditions failed: ['close_above_ema200', 'ema50_above_ema200', 'ema200_slope_up']
MONUSDT	ok	False	0/4	False	higher_timeframe_blocked	0/10	False	SKIP	higher_timeframe_blocked	0/8					Недостаточно данных для 12h trend filter
SANDUSDT	ok	False	0/4	False	higher_timeframe_blocked	0/10	False	SKIP	higher_timeframe_blocked	0/8					Trend 12h rejected: hard conditions failed: ['close_above_ema200', 'ema50_above_ema200', 'ema200_slope_up']
ENSUSDT	ok	False	2/4	False	higher_timeframe_blocked	0/10	False	SKIP	higher_timeframe_blocked	0/8					Trend 12h rejected: hard conditions failed: ['close_above_ema200', 'ema50_above_ema200', 'ema200_slope_up']
PYTHUSDT	ok	False	2/4	False	higher_timeframe_blocked	0/10	False	SKIP	higher_timeframe_blocked	0/8					Trend 12h rejected: hard conditions failed: ['close_above_ema200', 'ema50_above_ema200', 'ema200_slope_up']
TELUSDT	ok	False	0/4	False	higher_timeframe_blocked	0/10	False	SKIP	higher_timeframe_blocked	0/8					Trend 12h rejected: hard conditions failed: ['close_above_ema200', 'ema50_above_ema200', 'ema200_slope_up']
HNTUSDT	ok	False	2/4	False	higher_timeframe_blocked	0/10	False	SKIP	higher_timeframe_blocked	0/8					Trend 12h rejected: hard conditions failed: ['close_above_ema200', 'ema50_above_ema200', 'ema200_slope_up']
TWTUSDT	ok	False	1/4	False	higher_timeframe_blocked	0/10	False	SKIP	higher_timeframe_blocked	0/8					Trend 12h rejected: hard conditions failed: ['close_above_ema200', 'ema50_above_ema200', 'ema200_slope_up']
LUNCUSDT	ok	False	3/4	False	higher_timeframe_blocked	0/10	False	SKIP	higher_timeframe_blocked	0/8					Trend 12h rejected: hard conditions failed: ['close_above_ema200', 'ema200_slope_up']
STRKUSDT	ok	False	0/4	False	higher_timeframe_blocked	0/10	False	SKIP	higher_timeframe_blocked	0/8					Trend 12h rejected: hard conditions failed: ['close_above_ema200', 'ema50_above_ema200', 'ema200_slope_up']
PENDLEUSDT	ok	False	0/4	False	higher_timeframe_blocked	0/10	False	SKIP	higher_timeframe_blocked	0/8					Trend 12h rejected: hard conditions failed: ['close_above_ema200', 'ema50_above_ema200', 'ema200_slope_up']
AXSUSDT	ok	False	1/4	False	higher_timeframe_blocked	0/10	False	SKIP	higher_timeframe_blocked	0/8					Trend 12h rejected: hard conditions failed: ['close_above_ema200', 'ema50_above_ema200', 'ema200_slope_up']
COMPUSDT	ok	False	2/4	False	higher_timeframe_blocked	0/10	False	SKIP	higher_timeframe_blocked	0/8					Trend 12h rejected: hard conditions failed: ['close_above_ema200', 'ema50_above_ema200', 'ema200_slope_up']
WALUSDT	ok	False	1/4	False	higher_timeframe_blocked	0/10	False	SKIP	higher_timeframe_blocked	0/8					Trend 12h rejected: hard conditions failed: ['close_above_ema200', 'ema50_above_ema200', 'ema200_slope_up']
WIFUSDT	ok	False	1/4	False	higher_timeframe_blocked	0/10	False	SKIP	higher_timeframe_blocked	0/8					Trend 12h rejected: hard conditions failed: ['close_above_ema200', 'ema50_above_ema200', 'ema200_slope_up']
ZKUSDT	ok	False	1/4	False	higher_timeframe_blocked	0/10	False	SKIP	higher_timeframe_blocked	0/8					Trend 12h rejected: hard conditions failed: ['close_above_ema200', 'ema50_above_ema200', 'ema200_slope_up']
FFUSDT	ok	False	0/4	False	higher_timeframe_blocked	0/10	False	SKIP	higher_timeframe_blocked	0/8					Trend 12h rejected: hard conditions failed: ['close_above_ema200', 'ema50_above_ema200', 'ema200_slope_up']
MANAUSDT	ok	False	1/4	False	higher_timeframe_blocked	0/10	False	SKIP	higher_timeframe_blocked	0/8					Trend 12h rejected: hard conditions failed: ['close_above_ema200', 'ema50_above_ema200', 'ema200_slope_up']
XPLUSDT	ok	False	2/4	False	higher_timeframe_blocked	0/10	False	SKIP	higher_timeframe_blocked	0/8					Trend 12h rejected: hard conditions failed: ['close_above_ema200', 'ema50_above_ema200', 'ema200_slope_up']
MXUSDT	ok	False	0/4	False	higher_timeframe_blocked	0/10	False	SKIP	higher_timeframe_blocked	0/8					Trend 12h rejected: hard conditions failed: ['close_above_ema200', 'ema50_above_ema200', 'ema200_slope_up']
FLUIDUSDT	ok	False	2/4	False	higher_timeframe_blocked	0/10	False	SKIP	higher_timeframe_blocked	0/8					Trend 12h rejected: hard conditions failed: ['close_above_ema200', 'ema50_above_ema200', 'ema200_slope_up']
THETAUSDT	ok	False	0/4	False	higher_timeframe_blocked	0/10	False	SKIP	higher_timeframe_blocked	0/8					Trend 12h rejected: hard conditions failed: ['close_above_ema200', 'ema50_above_ema200', 'ema200_slope_up']
GALAUSDT	ok	False	0/4	False	higher_timeframe_blocked	0/10	False	SKIP	higher_timeframe_blocked	0/8					Trend 12h rejected: hard conditions failed: ['close_above_ema200', 'ema50_above_ema200', 'ema200_slope_up']
DEEPUSDT	ok	False	1/4	False	higher_timeframe_blocked	0/10	False	SKIP	higher_timeframe_blocked	0/8					Trend 12h rejected: hard conditions failed: ['close_above_ema200', 'ema50_above_ema200', 'ema200_slope_up']
SENTUSDT	ok	False	0/4	False	higher_timeframe_blocked	0/10	False	SKIP	higher_timeframe_blocked	0/8					Недостаточно данных для 12h trend filter
ATHUSDT	ok	False	3/4	False	higher_timeframe_blocked	0/10	False	SKIP	higher_timeframe_blocked	0/8					Trend 12h rejected: hard conditions failed: ['close_above_ema200', 'ema50_above_ema200', 'ema200_slope_up']
RUNEUSDT	ok	False	1/4	False	higher_timeframe_blocked	0/10	False	SKIP	higher_timeframe_blocked	0/8					Trend 12h rejected: hard conditions failed: ['close_above_ema200', 'ema50_above_ema200', 'ema200_slope_up']
BATUSDT	ok	False	1/4	False	higher_timeframe_blocked	0/10	False	SKIP	higher_timeframe_blocked	0/8					Trend 12h rejected: hard conditions failed: ['close_above_ema200', 'ema50_above_ema200', 'ema200_slope_up']
1INCHUSDT	ok	False	2/4	False	higher_timeframe_blocked	0/10	False	SKIP	higher_timeframe_blocked	0/8					Trend 12h rejected: hard conditions failed: ['close_above_ema200', 'ema50_above_ema200', 'ema200_slope_up']
JTOUSDT	ok	False	2/4	False	higher_timeframe_blocked	0/10	False	SKIP	higher_timeframe_blocked	0/8					Trend 12h rejected: hard conditions failed: ['close_above_ema200', 'ema50_above_ema200', 'ema200_slope_up']
SOSOUSDT	ok	False	3/4	False	higher_timeframe_blocked	0/10	False	SKIP	higher_timeframe_blocked	0/8					Trend 12h rejected: hard conditions failed: ['close_above_ema200', 'ema50_above_ema200', 'ema200_slope_up']
AUSDT	ok	False	2/4	False	higher_timeframe_blocked	0/10	False	SKIP	higher_timeframe_blocked	0/8					Trend 12h rejected: hard conditions failed: ['close_above_ema200', 'ema50_above_ema200', 'ema200_slope_up']
EIGENUSDT	ok	False	2/4	False	higher_timeframe_blocked	0/10	False	SKIP	higher_timeframe_blocked	0/8					Trend 12h rejected: hard conditions failed: ['close_above_ema200', 'ema50_above_ema200', 'ema200_slope_up']
SUSDT	ok	False	2/4	False	higher_timeframe_blocked	0/10	False	SKIP	higher_timeframe_blocked	0/8					Trend 12h rejected: hard conditions failed: ['close_above_ema200', 'ema50_above_ema200', 'ema200_slope_up']
BERAUSDT	ok	False	2/4	False	higher_timeframe_blocked	0/10	False	SKIP	higher_timeframe_blocked	0/8					Trend 12h rejected: hard conditions failed: ['close_above_ema200', 'ema50_above_ema200', 'ema200_slope_up']
BARDUSDT	ok	False	1/4	False	higher_timeframe_blocked	0/10	False	SKIP	higher_timeframe_blocked	0/8					Trend 12h rejected: hard conditions failed: ['close_above_ema200', 'ema200_slope_up']
CRCLXUSDT	ok	True	4/4	False	trend_breakdown	5/10	False	SKIP	higher_timeframe_blocked	0/8					4h setup rejected: hard conditions failed: ['structure_not_broken']
EGLDUSDT	ok	False	0/4	False	higher_timeframe_blocked	0/10	False	SKIP	higher_timeframe_blocked	0/8					Trend 12h rejected: hard conditions failed: ['close_above_ema200', 'ema50_above_ema200', 'ema200_slope_up']
SKRUSDT	ok	False	0/4	False	higher_timeframe_blocked	0/10	False	SKIP	higher_timeframe_blocked	0/8					Недостаточно данных для 12h trend filter
0GUSDT	ok	False	1/4	False	higher_timeframe_blocked	0/10	False	SKIP	higher_timeframe_blocked	0/8					Trend 12h rejected: hard conditions failed: ['close_above_ema200', 'ema50_above_ema200', 'ema200_slope_up']
ARUSDT	ok	False	1/4	False	higher_timeframe_blocked	0/10	False	SKIP	higher_timeframe_blocked	0/8					Trend 12h rejected: hard conditions failed: ['close_above_ema200', 'ema50_above_ema200', 'ema200_slope_up']
BBSOLUSDT	ok	False	2/4	False	higher_timeframe_blocked	0/10	False	SKIP	higher_timeframe_blocked	0/8					Trend 12h rejected: hard conditions failed: ['close_above_ema200', 'ema50_above_ema200', 'ema200_slope_up']
PIEVERSEUSDT	ok	False	0/4	False	higher_timeframe_blocked	0/10	False	SKIP	higher_timeframe_blocked	0/8					Недостаточно данных для 12h trend filter
SNXUSDT	ok	False	0/4	False	higher_timeframe_blocked	0/10	False	SKIP	higher_timeframe_blocked	0/8					Trend 12h rejected: hard conditions failed: ['close_above_ema200', 'ema50_above_ema200', 'ema200_slope_up']
ZENUSDT	ok	False	2/4	False	higher_timeframe_blocked	0/10	False	SKIP	higher_timeframe_blocked	0/8					Trend 12h rejected: hard conditions failed: ['close_above_ema200', 'ema50_above_ema200', 'ema200_slope_up']
FTTUSDT	ok	False	1/4	False	higher_timeframe_blocked	0/10	False	SKIP	higher_timeframe_blocked	0/8					Trend 12h rejected: hard conditions failed: ['close_above_ema200', 'ema50_above_ema200', 'ema200_slope_up']
GRASSUSDT	ok	True	4/4	False	trend_breakdown	3/10	False	SKIP	higher_timeframe_blocked	0/8					4h setup rejected: hard conditions failed: ['structure_not_broken']
YFIUSDT	ok	False	2/4	False	higher_timeframe_blocked	0/10	False	SKIP	higher_timeframe_blocked	0/8					Trend 12h rejected: hard conditions failed: ['close_above_ema200', 'ema50_above_ema200', 'ema200_slope_up']
WUSDT	ok	False	1/4	False	higher_timeframe_blocked	0/10	False	SKIP	higher_timeframe_blocked	0/8					Trend 12h rejected: hard conditions failed: ['close_above_ema200', 'ema50_above_ema200', 'ema200_slope_up']
RVNUSDT	ok	False	2/4	False	higher_timeframe_blocked	0/10	False	SKIP	higher_timeframe_blocked	0/8					Trend 12h rejected: hard conditions failed: ['close_above_ema200', 'ema50_above_ema200', 'ema200_slope_up']
QTUMUSDT	ok	False	1/4	False	higher_timeframe_blocked	0/10	False	SKIP	higher_timeframe_blocked	0/8					Trend 12h rejected: hard conditions failed: ['close_above_ema200', 'ema50_above_ema200', 'ema200_slope_up']
TRIAUSDT	ok	False	0/4	False	higher_timeframe_blocked	0/10	False	SKIP	higher_timeframe_blocked	0/8					Недостаточно данных для 12h trend filter
BEAMUSDT	ok	False	1/4	False	higher_timeframe_blocked	0/10	False	SKIP	higher_timeframe_blocked	0/8					Trend 12h rejected: hard conditions failed: ['close_above_ema200', 'ema50_above_ema200', 'ema200_slope_up']
SIGNUSDT	ok	True	4/4	False	too_extended	7/10	False	SKIP	higher_timeframe_blocked	0/8					4h setup rejected: hard conditions failed: ['not_reoverextended']
ROSEUSDT	ok	False	1/4	False	higher_timeframe_blocked	0/10	False	SKIP	higher_timeframe_blocked	0/8					Trend 12h rejected: hard conditions failed: ['close_above_ema200', 'ema50_above_ema200', 'ema200_slope_up']
KMNOUSDT	ok	False	2/4	False	higher_timeframe_blocked	0/10	False	SKIP	higher_timeframe_blocked	0/8					Trend 12h rejected: hard conditions failed: ['close_above_ema200', 'ema50_above_ema200', 'ema200_slope_up']
ZRXUSDT	ok	False	0/4	False	higher_timeframe_blocked	0/10	False	SKIP	higher_timeframe_blocked	0/8					Trend 12h rejected: hard conditions failed: ['close_above_ema200', 'ema50_above_ema200', 'ema200_slope_up']
TOSHIUSDT	ok	False	1/4	False	higher_timeframe_blocked	0/10	False	SKIP	higher_timeframe_blocked	0/8					Trend 12h rejected: hard conditions failed: ['close_above_ema200', 'ema50_above_ema200', 'ema200_slope_up']
TSLAXUSDT	ok	False	1/4	False	higher_timeframe_blocked	0/10	False	SKIP	higher_timeframe_blocked	0/8					Trend 12h rejected: hard conditions failed: ['close_above_ema200', 'ema50_above_ema200', 'ema200_slope_up']
CTCUSDT	ok	False	2/4	False	higher_timeframe_blocked	0/10	False	SKIP	higher_timeframe_blocked	0/8					Trend 12h rejected: hard conditions failed: ['close_above_ema200', 'ema50_above_ema200', 'ema200_slope_up']
COREUSDT	ok	False	0/4	False	higher_timeframe_blocked	0/10	False	SKIP	higher_timeframe_blocked	0/8					Trend 12h rejected: hard conditions failed: ['close_above_ema200', 'ema50_above_ema200', 'ema200_slope_up']
SAHARAUSDT	ok	False	3/4	False	higher_timeframe_blocked	0/10	False	SKIP	higher_timeframe_blocked	0/8					Trend 12h rejected: hard conditions failed: ['close_above_ema200', 'ema50_above_ema200', 'ema200_slope_up']
ICNTUSDT	ok	False	2/4	False	higher_timeframe_blocked	0/10	False	SKIP	higher_timeframe_blocked	0/8					Trend 12h rejected: hard conditions failed: ['close_above_ema200', 'ema50_above_ema200', 'ema200_slope_up']
ZILUSDT	ok	False	2/4	False	higher_timeframe_blocked	0/10	False	SKIP	higher_timeframe_blocked	0/8					Trend 12h rejected: hard conditions failed: ['close_above_ema200', 'ema50_above_ema200', 'ema200_slope_up']
KSMUSDT	ok	False	2/4	False	higher_timeframe_blocked	0/10	False	SKIP	higher_timeframe_blocked	0/8					Trend 12h rejected: hard conditions failed: ['close_above_ema200', 'ema50_above_ema200', 'ema200_slope_up']
CFGUSDT	ok	True	4/4	False	trend_breakdown	5/10	False	SKIP	higher_timeframe_blocked	0/8					4h setup rejected: hard conditions failed: ['structure_not_broken']
NXPCUSDT	ok	False	2/4	False	higher_timeframe_blocked	0/10	False	SKIP	higher_timeframe_blocked	0/8					Trend 12h rejected: hard conditions failed: ['close_above_ema200', 'ema50_above_ema200', 'ema200_slope_up']
AIOZUSDT	ok	False	2/4	False	higher_timeframe_blocked	0/10	False	SKIP	higher_timeframe_blocked	0/8					Trend 12h rejected: hard conditions failed: ['close_above_ema200', 'ema50_above_ema200', 'ema200_slope_up']
HOMEUSDT	ok	False	1/4	False	higher_timeframe_blocked	0/10	False	SKIP	higher_timeframe_blocked	0/8					Trend 12h rejected: hard conditions failed: ['close_above_ema200', 'ema50_above_ema200', 'ema200_slope_up']
FOGOUSDT	ok	False	0/4	False	higher_timeframe_blocked	0/10	False	SKIP	higher_timeframe_blocked	0/8					Недостаточно данных для 12h trend filter
METUSDT	ok	False	1/4	False	higher_timeframe_blocked	0/10	False	SKIP	higher_timeframe_blocked	0/8					Trend 12h rejected: hard conditions failed: ['close_above_ema200', 'ema50_above_ema200', 'ema200_slope_up']
MINAUSDT	ok	False	1/4	False	higher_timeframe_blocked	0/10	False	SKIP	higher_timeframe_blocked	0/8					Trend 12h rejected: hard conditions failed: ['close_above_ema200', 'ema50_above_ema200', 'ema200_slope_up']
SAFEUSDT	ok	False	2/4	False	higher_timeframe_blocked	0/10	False	SKIP	higher_timeframe_blocked	0/8					Trend 12h rejected: hard conditions failed: ['close_above_ema200', 'ema50_above_ema200', 'ema200_slope_up']
ZORAUSDT	ok	False	1/4	False	higher_timeframe_blocked	0/10	False	SKIP	higher_timeframe_blocked	0/8					Trend 12h rejected: hard conditions failed: ['close_above_ema200', 'ema50_above_ema200', 'ema200_slope_up']
BABYDOGEUSDT	ok	False	0/4	False	higher_timeframe_blocked	0/10	False	SKIP	higher_timeframe_blocked	0/8					Trend 12h rejected: hard conditions failed: ['close_above_ema200', 'ema50_above_ema200', 'ema200_slope_up']
DGBUSDT	ok	False	1/4	False	higher_timeframe_blocked	0/10	False	SKIP	higher_timeframe_blocked	0/8					Trend 12h rejected: hard conditions failed: ['close_above_ema200', 'ema50_above_ema200', 'ema200_slope_up']
ZETAUSDT	ok	False	1/4	False	higher_timeframe_blocked	0/10	False	SKIP	higher_timeframe_blocked	0/8					Trend 12h rejected: hard conditions failed: ['close_above_ema200', 'ema50_above_ema200', 'ema200_slope_up']
MOVEUSDT	ok	False	1/4	False	higher_timeframe_blocked	0/10	False	SKIP	higher_timeframe_blocked	0/8					Trend 12h rejected: hard conditions failed: ['close_above_ema200', 'ema50_above_ema200', 'ema200_slope_up']
DYDXUSDT	ok	False	0/4	False	higher_timeframe_blocked	0/10	False	SKIP	higher_timeframe_blocked	0/8					Trend 12h rejected: hard conditions failed: ['close_above_ema200', 'ema50_above_ema200', 'ema200_slope_up']
APEUSDT	ok	False	1/4	False	higher_timeframe_blocked	0/10	False	SKIP	higher_timeframe_blocked	0/8					Trend 12h rejected: hard conditions failed: ['close_above_ema200', 'ema50_above_ema200', 'ema200_slope_up']
ACHUSDT	ok	False	1/4	False	higher_timeframe_blocked	0/10	False	SKIP	higher_timeframe_blocked	0/8					Trend 12h rejected: hard conditions failed: ['close_above_ema200', 'ema50_above_ema200', 'ema200_slope_up']
BRETTUSDT	ok	False	1/4	False	higher_timeframe_blocked	0/10	False	SKIP	higher_timeframe_blocked	0/8					Trend 12h rejected: hard conditions failed: ['close_above_ema200', 'ema50_above_ema200', 'ema200_slope_up']
ALCHUSDT	ok	False	1/4	False	higher_timeframe_blocked	0/10	False	SKIP	higher_timeframe_blocked	0/8					Trend 12h rejected: hard conditions failed: ['close_above_ema200', 'ema50_above_ema200', 'ema200_slope_up']
GMXUSDT	ok	False	1/4	False	higher_timeframe_blocked	0/10	False	SKIP	higher_timeframe_blocked	0/8					Trend 12h rejected: hard conditions failed: ['close_above_ema200', 'ema50_above_ema200', 'ema200_slope_up']
VELOUSDT	ok	False	2/4	False	higher_timeframe_blocked	0/10	False	SKIP	higher_timeframe_blocked	0/8					Trend 12h rejected: hard conditions failed: ['close_above_ema200', 'ema50_above_ema200', 'ema200_slope_up']
MANTRAUSDT	ok	False	0/4	False	invalid	0/10	False	SKIP	higher_timeframe_blocked	0/8					Недостаточно данных для 4h setup filter
AZTECUSDT	ok	False	0/4	False	higher_timeframe_blocked	0/10	False	SKIP	higher_timeframe_blocked	0/8					Недостаточно данных для 12h trend filter
VTHOUSDT	ok	False	1/4	False	higher_timeframe_blocked	0/10	False	SKIP	higher_timeframe_blocked	0/8					Trend 12h rejected: hard conditions failed: ['close_above_ema200', 'ema50_above_ema200', 'ema200_slope_up']
MOGUSDT	ok	False	2/4	False	higher_timeframe_blocked	0/10	False	SKIP	higher_timeframe_blocked	0/8					Trend 12h rejected: hard conditions failed: ['close_above_ema200', 'ema50_above_ema200', 'ema200_slope_up']
GOOGLXUSDT	ok	False	1/4	False	higher_timeframe_blocked	0/10	False	SKIP	higher_timeframe_blocked	0/8					Trend 12h rejected: hard conditions failed: ['close_above_ema200', 'ema50_above_ema200', 'ema200_slope_up']
AXLUSDT	ok	False	0/4	False	higher_timeframe_blocked	0/10	False	SKIP	higher_timeframe_blocked	0/8					Trend 12h rejected: hard conditions failed: ['close_above_ema200', 'ema50_above_ema200', 'ema200_slope_up']
SCUSDT	ok	False	0/4	False	higher_timeframe_blocked	0/10	False	SKIP	higher_timeframe_blocked	0/8					Trend 12h rejected: hard conditions failed: ['close_above_ema200', 'ema50_above_ema200', 'ema200_slope_up']
KAVAUSDT	ok	False	1/4	False	higher_timeframe_blocked	0/10	False	SKIP	higher_timeframe_blocked	0/8					Trend 12h rejected: hard conditions failed: ['close_above_ema200', 'ema50_above_ema200', 'ema200_slope_up']
BANUSDT	ok	False	1/4	False	higher_timeframe_blocked	0/10	False	SKIP	higher_timeframe_blocked	0/8					Trend 12h rejected: hard conditions failed: ['close_above_ema200', 'ema200_slope_up']
MOCAUSDT	ok	False	2/4	False	higher_timeframe_blocked	0/10	False	SKIP	higher_timeframe_blocked	0/8					Trend 12h rejected: hard conditions failed: ['close_above_ema200', 'ema50_above_ema200', 'ema200_slope_up']
PLUMEUSDT	ok	False	1/4	False	higher_timeframe_blocked	0/10	False	SKIP	higher_timeframe_blocked	0/8					Trend 12h rejected: hard conditions failed: ['close_above_ema200', 'ema50_above_ema200', 'ema200_slope_up']
SUSHIUSDT	ok	False	2/4	False	higher_timeframe_blocked	0/10	False	SKIP	higher_timeframe_blocked	0/8					Trend 12h rejected: hard conditions failed: ['close_above_ema200', 'ema50_above_ema200', 'ema200_slope_up']
ANKRUSDT	ok	False	3/4	False	higher_timeframe_blocked	0/10	False	SKIP	higher_timeframe_blocked	0/8					Trend 12h rejected: hard conditions failed: ['close_above_ema200', 'ema50_above_ema200', 'ema200_slope_up']
ROBOUSDT	ok	False	0/4	False	invalid	0/10	False	SKIP	higher_timeframe_blocked	0/8					Недостаточно данных для 4h setup filter
WAVESUSDT	ok	False	0/4	False	higher_timeframe_blocked	0/10	False	SKIP	higher_timeframe_blocked	0/8					Trend 12h rejected: hard conditions failed: ['close_above_ema200', 'ema50_above_ema200', 'ema200_slope_up']
SPKUSDT	ok	False	1/4	False	higher_timeframe_blocked	0/10	False	SKIP	higher_timeframe_blocked	0/8					Trend 12h rejected: hard conditions failed: ['close_above_ema200', 'ema50_above_ema200', 'ema200_slope_up']
IDUSDT	ok	False	0/4	False	higher_timeframe_blocked	0/10	False	SKIP	higher_timeframe_blocked	0/8					Trend 12h rejected: hard conditions failed: ['close_above_ema200', 'ema50_above_ema200', 'ema200_slope_up']
MEWUSDT	ok	False	1/4	False	higher_timeframe_blocked	0/10	False	SKIP	higher_timeframe_blocked	0/8					Trend 12h rejected: hard conditions failed: ['close_above_ema200', 'ema50_above_ema200', 'ema200_slope_up']
COINXUSDT	ok	False	2/4	False	higher_timeframe_blocked	0/10	False	SKIP	higher_timeframe_blocked	0/8					Trend 12h rejected: hard conditions failed: ['close_above_ema200', 'ema50_above_ema200', 'ema200_slope_up']
OPNUSDT	ok	False	0/4	False	invalid	0/10	False	SKIP	higher_timeframe_blocked	0/8					Недостаточно данных для 4h setup filter
BLURUSDT	ok	False	2/4	False	higher_timeframe_blocked	0/10	False	SKIP	higher_timeframe_blocked	0/8					Trend 12h rejected: hard conditions failed: ['close_above_ema200', 'ema50_above_ema200', 'ema200_slope_up']
MEUSDT	ok	False	1/4	False	higher_timeframe_blocked	0/10	False	SKIP	higher_timeframe_blocked	0/8					Trend 12h rejected: hard conditions failed: ['close_above_ema200', 'ema50_above_ema200', 'ema200_slope_up']
FLOWUSDT	ok	False	1/4	False	higher_timeframe_blocked	0/10	False	SKIP	higher_timeframe_blocked	0/8					Trend 12h rejected: hard conditions failed: ['close_above_ema200', 'ema50_above_ema200', 'ema200_slope_up']
ZAMAUSDT	ok	False	0/4	False	higher_timeframe_blocked	0/10	False	SKIP	higher_timeframe_blocked	0/8					Недостаточно данных для 12h trend filter
PROVEUSDT	ok	False	1/4	False	higher_timeframe_blocked	0/10	False	SKIP	higher_timeframe_blocked	0/8					Trend 12h rejected: hard conditions failed: ['close_above_ema200', 'ema50_above_ema200', 'ema200_slope_up']
POPCATUSDT	ok	False	2/4	False	higher_timeframe_blocked	0/10	False	SKIP	higher_timeframe_blocked	0/8					Trend 12h rejected: hard conditions failed: ['close_above_ema200', 'ema50_above_ema200', 'ema200_slope_up']
ORDIUSDT	ok	False	0/4	False	higher_timeframe_blocked	0/10	False	SKIP	higher_timeframe_blocked	0/8					Trend 12h rejected: hard conditions failed: ['close_above_ema200', 'ema50_above_ema200', 'ema200_slope_up']
CELOUSDT	ok	False	3/4	False	higher_timeframe_blocked	0/10	False	SKIP	higher_timeframe_blocked	0/8					Trend 12h rejected: hard conditions failed: ['close_above_ema200', 'ema50_above_ema200', 'ema200_slope_up']
DRIFTUSDT	ok	False	1/4	False	higher_timeframe_blocked	0/10	False	SKIP	higher_timeframe_blocked	0/8					Trend 12h rejected: hard conditions failed: ['close_above_ema200', 'ema50_above_ema200', 'ema200_slope_up']
LINEAUSDT	ok	False	1/4	False	higher_timeframe_blocked	0/10	False	SKIP	higher_timeframe_blocked	0/8					Trend 12h rejected: hard conditions failed: ['close_above_ema200', 'ema50_above_ema200', 'ema200_slope_up']
XUSDUSDT	ok	False	3/4	False	higher_timeframe_blocked	0/10	False	SKIP	higher_timeframe_blocked	0/8					Trend 12h rejected: hard conditions failed: ['ema50_above_ema200', 'ema200_slope_up']
ZIGUSDT	ok	False	1/4	False	higher_timeframe_blocked	0/10	False	SKIP	higher_timeframe_blocked	0/8					Trend 12h rejected: hard conditions failed: ['close_above_ema200', 'ema50_above_ema200', 'ema200_slope_up']
AVNTUSDT	ok	False	0/4	False	higher_timeframe_blocked	0/10	False	SKIP	higher_timeframe_blocked	0/8					Trend 12h rejected: hard conditions failed: ['close_above_ema200', 'ema50_above_ema200', 'ema200_slope_up']
MASKUSDT	ok	False	1/4	False	higher_timeframe_blocked	0/10	False	SKIP	higher_timeframe_blocked	0/8					Trend 12h rejected: hard conditions failed: ['close_above_ema200', 'ema50_above_ema200', 'ema200_slope_up']
HUMAUSDT	ok	False	2/4	False	higher_timeframe_blocked	0/10	False	SKIP	higher_timeframe_blocked	0/8					Trend 12h rejected: hard conditions failed: ['close_above_ema200', 'ema50_above_ema200', 'ema200_slope_up']
ENJUSDT	ok	False	3/4	False	higher_timeframe_blocked	0/10	False	SKIP	higher_timeframe_blocked	0/8					Trend 12h rejected: hard conditions failed: ['close_above_ema200', 'ema50_above_ema200', 'ema200_slope_up']
LUNAUSDT	ok	False	0/4	False	higher_timeframe_blocked	0/10	False	SKIP	higher_timeframe_blocked	0/8					Trend 12h rejected: hard conditions failed: ['close_above_ema200', 'ema50_above_ema200', 'ema200_slope_up']
PNUTUSDT	ok	False	1/4	False	higher_timeframe_blocked	0/10	False	SKIP	higher_timeframe_blocked	0/8					Trend 12h rejected: hard conditions failed: ['close_above_ema200', 'ema50_above_ema200', 'ema200_slope_up']
BIRBUSDT	ok	False	0/4	False	higher_timeframe_blocked	0/10	False	SKIP	higher_timeframe_blocked	0/8					Недостаточно данных для 12h trend filter
NVDAXUSDT	ok	False	0/4	False	higher_timeframe_blocked	0/10	False	SKIP	higher_timeframe_blocked	0/8					Trend 12h rejected: hard conditions failed: ['close_above_ema200', 'ema50_above_ema200', 'ema200_slope_up']
LAUSDT	ok	False	1/4	False	higher_timeframe_blocked	0/10	False	SKIP	higher_timeframe_blocked	0/8					Trend 12h rejected: hard conditions failed: ['close_above_ema200', 'ema50_above_ema200', 'ema200_slope_up']
METAXUSDT	ok	False	0/4	False	higher_timeframe_blocked	0/10	False	SKIP	higher_timeframe_blocked	0/8					Trend 12h rejected: hard conditions failed: ['close_above_ema200', 'ema50_above_ema200', 'ema200_slope_up']
VANAUSDT	ok	False	1/4	False	higher_timeframe_blocked	0/10	False	SKIP	higher_timeframe_blocked	0/8					Trend 12h rejected: hard conditions failed: ['close_above_ema200', 'ema50_above_ema200', 'ema200_slope_up']
GUSDT	ok	False	2/4	False	higher_timeframe_blocked	0/10	False	SKIP	higher_timeframe_blocked	0/8					Trend 12h rejected: hard conditions failed: ['close_above_ema200', 'ema50_above_ema200', 'ema200_slope_up']
SSVUSDT	ok	False	2/4	False	higher_timeframe_blocked	0/10	False	SKIP	higher_timeframe_blocked	0/8					Trend 12h rejected: hard conditions failed: ['close_above_ema200', 'ema50_above_ema200', 'ema200_slope_up']
ALTUSDT	ok	False	1/4	False	higher_timeframe_blocked	0/10	False	SKIP	higher_timeframe_blocked	0/8					Trend 12h rejected: hard conditions failed: ['close_above_ema200', 'ema50_above_ema200', 'ema200_slope_up']
REDUSDT	ok	False	1/4	False	higher_timeframe_blocked	0/10	False	SKIP	higher_timeframe_blocked	0/8					Trend 12h rejected: hard conditions failed: ['close_above_ema200', 'ema50_above_ema200', 'ema200_slope_up']
RPLUSDT	ok	False	1/4	False	higher_timeframe_blocked	0/10	False	SKIP	higher_timeframe_blocked	0/8					Trend 12h rejected: hard conditions failed: ['close_above_ema200', 'ema50_above_ema200', 'ema200_slope_up']
ELONUSDT	ok	False	0/4	False	higher_timeframe_blocked	0/10	False	SKIP	higher_timeframe_blocked	0/8					Недостаточно данных для 12h trend filter
PARTIUSDT	ok	False	1/4	False	higher_timeframe_blocked	0/10	False	SKIP	higher_timeframe_blocked	0/8					Trend 12h rejected: hard conditions failed: ['close_above_ema200', 'ema50_above_ema200', 'ema200_slope_up']
NOTUSDT	ok	False	1/4	False	higher_timeframe_blocked	0/10	False	SKIP	higher_timeframe_blocked	0/8					Trend 12h rejected: hard conditions failed: ['close_above_ema200', 'ema50_above_ema200', 'ema200_slope_up']
APEXUSDT	ok	False	2/4	False	higher_timeframe_blocked	0/10	False	SKIP	higher_timeframe_blocked	0/8					Trend 12h rejected: hard conditions failed: ['close_above_ema200', 'ema50_above_ema200', 'ema200_slope_up']
UMAUSDT	ok	False	2/4	False	higher_timeframe_blocked	0/10	False	SKIP	higher_timeframe_blocked	0/8					Trend 12h rejected: hard conditions failed: ['close_above_ema200', 'ema50_above_ema200', 'ema200_slope_up']
MERLUSDT	ok	False	2/4	False	higher_timeframe_blocked	0/10	False	SKIP	higher_timeframe_blocked	0/8					Trend 12h rejected: hard conditions failed: ['close_above_ema200', 'ema50_above_ema200', 'ema200_slope_up']
SOMIUSDT	ok	False	1/4	False	higher_timeframe_blocked	0/10	False	SKIP	higher_timeframe_blocked	0/8					Trend 12h rejected: hard conditions failed: ['close_above_ema200', 'ema50_above_ema200', 'ema200_slope_up']
SQDUSDT	ok	False	2/4	False	higher_timeframe_blocked	0/10	False	SKIP	higher_timeframe_blocked	0/8					Trend 12h rejected: hard conditions failed: ['close_above_ema200', 'ema50_above_ema200', 'ema200_slope_up']
MEMEUSDT	ok	False	1/4	False	higher_timeframe_blocked	0/10	False	SKIP	higher_timeframe_blocked	0/8					Trend 12h rejected: hard conditions failed: ['close_above_ema200', 'ema50_above_ema200', 'ema200_slope_up']
DBRUSDT	ok	False	3/4	False	higher_timeframe_blocked	0/10	False	SKIP	higher_timeframe_blocked	0/8					Trend 12h rejected: hard conditions failed: ['ema50_above_ema200', 'ema200_slope_up']
CYBERUSDT	ok	False	1/4	False	higher_timeframe_blocked	0/10	False	SKIP	higher_timeframe_blocked	0/8					Trend 12h rejected: hard conditions failed: ['close_above_ema200', 'ema50_above_ema200', 'ema200_slope_up']
PEOPLEUSDT	ok	False	0/4	False	higher_timeframe_blocked	0/10	False	SKIP	higher_timeframe_blocked	0/8					Trend 12h rejected: hard conditions failed: ['close_above_ema200', 'ema50_above_ema200', 'ema200_slope_up']
GPSUSDT	ok	False	1/4	False	higher_timeframe_blocked	0/10	False	SKIP	higher_timeframe_blocked	0/8					Trend 12h rejected: hard conditions failed: ['close_above_ema200', 'ema200_slope_up']
LAYERUSDT	ok	False	1/4	False	higher_timeframe_blocked	0/10	False	SKIP	higher_timeframe_blocked	0/8					Trend 12h rejected: hard conditions failed: ['close_above_ema200', 'ema50_above_ema200', 'ema200_slope_up']
ONEUSDT	ok	False	1/4	False	higher_timeframe_blocked	0/10	False	SKIP	higher_timeframe_blocked	0/8					Trend 12h rejected: hard conditions failed: ['close_above_ema200', 'ema50_above_ema200', 'ema200_slope_up']
GMTUSDT	ok	False	0/4	False	higher_timeframe_blocked	0/10	False	SKIP	higher_timeframe_blocked	0/8					Trend 12h rejected: hard conditions failed: ['close_above_ema200', 'ema50_above_ema200', 'ema200_slope_up']
WOOUSDT	ok	False	2/4	False	higher_timeframe_blocked	0/10	False	SKIP	higher_timeframe_blocked	0/8					Trend 12h rejected: hard conditions failed: ['close_above_ema200', 'ema50_above_ema200', 'ema200_slope_up']
LRCUSDT	ok	False	1/4	False	higher_timeframe_blocked	0/10	False	SKIP	higher_timeframe_blocked	0/8					Trend 12h rejected: hard conditions failed: ['close_above_ema200', 'ema50_above_ema200', 'ema200_slope_up']
IOUSDT	ok	False	2/4	False	higher_timeframe_blocked	0/10	False	SKIP	higher_timeframe_blocked	0/8					Trend 12h rejected: hard conditions failed: ['close_above_ema200', 'ema50_above_ema200', 'ema200_slope_up']
WAXPUSDT	ok	False	2/4	False	higher_timeframe_blocked	0/10	False	SKIP	higher_timeframe_blocked	0/8					Trend 12h rejected: hard conditions failed: ['close_above_ema200', 'ema50_above_ema200', 'ema200_slope_up']
MANTAUSDT	ok	False	2/4	False	higher_timeframe_blocked	0/10	False	SKIP	higher_timeframe_blocked	0/8					Trend 12h rejected: hard conditions failed: ['close_above_ema200', 'ema50_above_ema200', 'ema200_slope_up']
CARVUSDT	ok	False	1/4	False	higher_timeframe_blocked	0/10	False	SKIP	higher_timeframe_blocked	0/8					Trend 12h rejected: hard conditions failed: ['close_above_ema200', 'ema50_above_ema200', 'ema200_slope_up']
BREVUSDT	ok	False	0/4	False	higher_timeframe_blocked	0/10	False	SKIP	higher_timeframe_blocked	0/8					Недостаточно данных для 12h trend filter
C98USDT	ok	True	4/4	False	trend_breakdown	6/10	False	SKIP	higher_timeframe_blocked	0/8					4h setup rejected: hard conditions failed: ['structure_not_broken']
ETHWUSDT	ok	False	2/4	False	higher_timeframe_blocked	0/10	False	SKIP	higher_timeframe_blocked	0/8					Trend 12h rejected: hard conditions failed: ['close_above_ema200', 'ema50_above_ema200', 'ema200_slope_up']
WHITEWHALEUSDT	ok	False	0/4	False	higher_timeframe_blocked	0/10	False	SKIP	higher_timeframe_blocked	0/8					Недостаточно данных для 12h trend filter
SPELLUSDT	ok	False	1/4	False	higher_timeframe_blocked	0/10	False	SKIP	higher_timeframe_blocked	0/8					Trend 12h rejected: hard conditions failed: ['close_above_ema200', 'ema50_above_ema200', 'ema200_slope_up']
ANIMEUSDT	ok	False	3/4	False	higher_timeframe_blocked	0/10	False	SKIP	higher_timeframe_blocked	0/8					Trend 12h rejected: hard conditions failed: ['close_above_ema200', 'ema50_above_ema200', 'ema200_slope_up']
BLASTUSDT	ok	False	2/4	False	higher_timeframe_blocked	0/10	False	SKIP	higher_timeframe_blocked	0/8					Trend 12h rejected: hard conditions failed: ['close_above_ema200', 'ema50_above_ema200', 'ema200_slope_up']
HOLOUSDT	ok	False	1/4	False	higher_timeframe_blocked	0/10	False	SKIP	higher_timeframe_blocked	0/8					Trend 12h rejected: hard conditions failed: ['close_above_ema200', 'ema50_above_ema200', 'ema200_slope_up']
BOMEUSDT	ok	False	2/4	False	higher_timeframe_blocked	0/10	False	SKIP	higher_timeframe_blocked	0/8					Trend 12h rejected: hard conditions failed: ['close_above_ema200', 'ema50_above_ema200', 'ema200_slope_up']
SCRTUSDT	ok	False	1/4	False	higher_timeframe_blocked	0/10	False	SKIP	higher_timeframe_blocked	0/8					Trend 12h rejected: hard conditions failed: ['close_above_ema200', 'ema50_above_ema200', 'ema200_slope_up']
ZENTUSDT	ok	False	0/4	False	higher_timeframe_blocked	0/10	False	SKIP	higher_timeframe_blocked	0/8					Trend 12h rejected: hard conditions failed: ['close_above_ema200', 'ema50_above_ema200', 'ema200_slope_up']
XANUSDT	ok	False	3/4	False	higher_timeframe_blocked	0/10	False	SKIP	higher_timeframe_blocked	0/8					Trend 12h rejected: hard conditions failed: ['close_above_ema200', 'ema50_above_ema200', 'ema200_slope_up']
USTCUSDT	ok	False	1/4	False	higher_timeframe_blocked	0/10	False	SKIP	higher_timeframe_blocked	0/8					Trend 12h rejected: hard conditions failed: ['close_above_ema200', 'ema50_above_ema200', 'ema200_slope_up']
NYMUSDT	ok	False	3/4	False	higher_timeframe_blocked	0/10	False	SKIP	higher_timeframe_blocked	0/8					Trend 12h rejected: hard conditions failed: ['close_above_ema200', 'ema50_above_ema200', 'ema200_slope_up']
BBUSDT	ok	False	2/4	False	higher_timeframe_blocked	0/10	False	SKIP	higher_timeframe_blocked	0/8					Trend 12h rejected: hard conditions failed: ['close_above_ema200', 'ema50_above_ema200', 'ema200_slope_up']
CBKUSDT	ok	False	1/4	False	higher_timeframe_blocked	0/10	False	SKIP	higher_timeframe_blocked	0/8					Trend 12h rejected: hard conditions failed: ['close_above_ema200', 'ema50_above_ema200', 'ema200_slope_up']
AIXBTUSDT	ok	False	0/4	False	higher_timeframe_blocked	0/10	False	SKIP	higher_timeframe_blocked	0/8					Trend 12h rejected: hard conditions failed: ['close_above_ema200', 'ema50_above_ema200', 'ema200_slope_up']
DOODUSDT	ok	False	2/4	False	higher_timeframe_blocked	0/10	False	SKIP	higher_timeframe_blocked	0/8					Trend 12h rejected: hard conditions failed: ['close_above_ema200', 'ema50_above_ema200', 'ema200_slope_up']
AAPLXUSDT	ok	False	0/4	False	higher_timeframe_blocked	0/10	False	SKIP	higher_timeframe_blocked	0/8					Trend 12h rejected: hard conditions failed: ['close_above_ema200', 'ema50_above_ema200', 'ema200_slope_up']
BICOUSDT	ok	False	3/4	False	higher_timeframe_blocked	0/10	False	SKIP	higher_timeframe_blocked	0/8					Trend 12h rejected: hard conditions failed: ['close_above_ema200', 'ema50_above_ema200', 'ema200_slope_up']
WETUSDT	ok	False	0/4	False	higher_timeframe_blocked	0/10	False	SKIP	higher_timeframe_blocked	0/8					Недостаточно данных для 12h trend filter
TAIKOUSDT	ok	False	2/4	False	higher_timeframe_blocked	0/10	False	SKIP	higher_timeframe_blocked	0/8					Trend 12h rejected: hard conditions failed: ['close_above_ema200', 'ema50_above_ema200', 'ema200_slope_up']
ENSOUSDT	ok	False	0/4	False	higher_timeframe_blocked	0/10	False	SKIP	higher_timeframe_blocked	0/8					Trend 12h rejected: hard conditions failed: ['close_above_ema200', 'ema200_slope_up']
ARKMUSDT	ok	False	1/4	False	higher_timeframe_blocked	0/10	False	SKIP	higher_timeframe_blocked	0/8					Trend 12h rejected: hard conditions failed: ['close_above_ema200', 'ema50_above_ema200', 'ema200_slope_up']
SLPUSDT	ok	False	3/4	False	higher_timeframe_blocked	0/10	False	SKIP	higher_timeframe_blocked	0/8					Trend 12h rejected: hard conditions failed: ['close_above_ema200', 'ema50_above_ema200', 'ema200_slope_up']
BRUSDT	ok	False	4/4	False	higher_timeframe_blocked	0/10	False	SKIP	higher_timeframe_blocked	0/8					Trend 12h rejected: hard conditions failed: ['not_overextended']
SATSUSDT	ok	False	1/4	False	higher_timeframe_blocked	0/10	False	SKIP	higher_timeframe_blocked	0/8					Trend 12h rejected: hard conditions failed: ['close_above_ema200', 'ema50_above_ema200', 'ema200_slope_up']
HYPERUSDT	ok	False	2/4	False	higher_timeframe_blocked	0/10	False	SKIP	higher_timeframe_blocked	0/8					Trend 12h rejected: hard conditions failed: ['close_above_ema200', 'ema50_above_ema200', 'ema200_slope_up']
SXTUSDT	ok	False	1/4	False	higher_timeframe_blocked	0/10	False	SKIP	higher_timeframe_blocked	0/8					Trend 12h rejected: hard conditions failed: ['close_above_ema200', 'ema50_above_ema200', 'ema200_slope_up']
MMTUSDT	ok	False	1/4	False	higher_timeframe_blocked	0/10	False	SKIP	higher_timeframe_blocked	0/8					Trend 12h rejected: hard conditions failed: ['close_above_ema200', 'ema50_above_ema200', 'ema200_slope_up']
WCTUSDT	ok	False	3/4	False	higher_timeframe_blocked	0/10	False	SKIP	higher_timeframe_blocked	0/8					Trend 12h rejected: hard conditions failed: ['close_above_ema200', 'ema50_above_ema200', 'ema200_slope_up']
AGLDUSDT	ok	False	1/4	False	higher_timeframe_blocked	0/10	False	SKIP	higher_timeframe_blocked	0/8					Trend 12h rejected: hard conditions failed: ['close_above_ema200', 'ema50_above_ema200', 'ema200_slope_up']
AEVOUSDT	ok	False	2/4	False	higher_timeframe_blocked	0/10	False	SKIP	higher_timeframe_blocked	0/8					Trend 12h rejected: hard conditions failed: ['close_above_ema200', 'ema50_above_ema200', 'ema200_slope_up']
ORDERUSDT	ok	False	3/4	False	higher_timeframe_blocked	0/10	False	SKIP	higher_timeframe_blocked	0/8					Trend 12h rejected: hard conditions failed: ['close_above_ema200', 'ema50_above_ema200', 'ema200_slope_up']
ZKCUSDT	ok	False	0/4	False	higher_timeframe_blocked	0/10	False	SKIP	higher_timeframe_blocked	0/8					Trend 12h rejected: hard conditions failed: ['close_above_ema200', 'ema50_above_ema200', 'ema200_slope_up']
CPOOLUSDT	ok	False	3/4	False	higher_timeframe_blocked	0/10	False	SKIP	higher_timeframe_blocked	0/8					Trend 12h rejected: hard conditions failed: ['close_above_ema200', 'ema50_above_ema200', 'ema200_slope_up']
RESOLVUSDT	ok	False	2/4	False	higher_timeframe_blocked	0/10	False	SKIP	higher_timeframe_blocked	0/8					Trend 12h rejected: hard conditions failed: ['close_above_ema200', 'ema50_above_ema200', 'ema200_slope_up']
AGIUSDT	ok	False	3/4	False	higher_timeframe_blocked	0/10	False	SKIP	higher_timeframe_blocked	0/8					Trend 12h rejected: hard conditions failed: ['close_above_ema200', 'ema50_above_ema200', 'ema200_slope_up']
XAIUSDT	ok	False	1/4	False	higher_timeframe_blocked	0/10	False	SKIP	higher_timeframe_blocked	0/8					Trend 12h rejected: hard conditions failed: ['close_above_ema200', 'ema50_above_ema200', 'ema200_slope_up']
SONICUSDT	ok	False	1/4	False	higher_timeframe_blocked	0/10	False	SKIP	higher_timeframe_blocked	0/8					Trend 12h rejected: hard conditions failed: ['close_above_ema200', 'ema50_above_ema200', 'ema200_slope_up']
FUSDT	ok	False	1/4	False	higher_timeframe_blocked	0/10	False	SKIP	higher_timeframe_blocked	0/8					Trend 12h rejected: hard conditions failed: ['close_above_ema200', 'ema50_above_ema200', 'ema200_slope_up']
USATUSDT	ok	False	0/4	False	higher_timeframe_blocked	0/10	False	SKIP	higher_timeframe_blocked	0/8					Недостаточно данных для 12h trend filter
ZKPUSDT	ok	False	0/4	False	higher_timeframe_blocked	0/10	False	SKIP	higher_timeframe_blocked	0/8					Недостаточно данных для 12h trend filter
ERAUSDT	ok	False	0/4	False	higher_timeframe_blocked	0/10	False	SKIP	higher_timeframe_blocked	0/8					Trend 12h rejected: hard conditions failed: ['close_above_ema200', 'ema50_above_ema200', 'ema200_slope_up']
MAGICUSDT	ok	False	1/4	False	higher_timeframe_blocked	0/10	False	SKIP	higher_timeframe_blocked	0/8					Trend 12h rejected: hard conditions failed: ['close_above_ema200', 'ema50_above_ema200', 'ema200_slope_up']
TNSRUSDT	ok	False	1/4	False	higher_timeframe_blocked	0/10	False	SKIP	higher_timeframe_blocked	0/8					Trend 12h rejected: hard conditions failed: ['close_above_ema200', 'ema50_above_ema200', 'ema200_slope_up']
ZBTUSDT	ok	False	0/4	False	higher_timeframe_blocked	0/10	False	SKIP	higher_timeframe_blocked	0/8					Trend 12h rejected: hard conditions failed: ['close_above_ema200', 'ema50_above_ema200', 'ema200_slope_up']
PYBOBOUSDT	ok	False	0/4	False	higher_timeframe_blocked	0/10	False	SKIP	higher_timeframe_blocked	0/8					Недостаточно данных для 12h trend filter
CGPTUSDT	ok	False	2/4	False	higher_timeframe_blocked	0/10	False	SKIP	higher_timeframe_blocked	0/8					Trend 12h rejected: hard conditions failed: ['close_above_ema200', 'ema50_above_ema200', 'ema200_slope_up']
FLOCKUSDT	ok	False	2/4	False	higher_timeframe_blocked	0/10	False	SKIP	higher_timeframe_blocked	0/8					Trend 12h rejected: hard conditions failed: ['close_above_ema200', 'ema50_above_ema200', 'ema200_slope_up']
ESUSDT	ok	True	3/4	False	trend_breakdown	5/10	False	SKIP	higher_timeframe_blocked	0/8					4h setup rejected: hard conditions failed: ['close_above_ema200', 'pullback_not_too_deep', 'structure_not_broken']
BSBUSDT	ok	False	0/4	False	invalid	0/10	False	SKIP	higher_timeframe_blocked	0/8					Недостаточно данных для 4h setup filter
AOUSDT	ok	False	1/4	False	higher_timeframe_blocked	0/10	False	SKIP	higher_timeframe_blocked	0/8					Trend 12h rejected: hard conditions failed: ['close_above_ema200', 'ema50_above_ema200', 'ema200_slope_up']
GOATUSDT	ok	False	1/4	False	higher_timeframe_blocked	0/10	False	SKIP	higher_timeframe_blocked	0/8					Trend 12h rejected: hard conditions failed: ['close_above_ema200', 'ema50_above_ema200', 'ema200_slope_up']
CATIUSDT	ok	False	1/4	False	higher_timeframe_blocked	0/10	False	SKIP	higher_timeframe_blocked	0/8					Trend 12h rejected: hard conditions failed: ['close_above_ema200', 'ema50_above_ema200', 'ema200_slope_up']
PONKEUSDT	ok	False	2/4	False	higher_timeframe_blocked	0/10	False	SKIP	higher_timeframe_blocked	0/8					Trend 12h rejected: hard conditions failed: ['close_above_ema200', 'ema50_above_ema200', 'ema200_slope_up']
AVAILUSDT	ok	False	2/4	False	higher_timeframe_blocked	0/10	False	SKIP	higher_timeframe_blocked	0/8					Trend 12h rejected: hard conditions failed: ['close_above_ema200', 'ema50_above_ema200', 'ema200_slope_up']
ELSAUSDT	ok	False	0/4	False	higher_timeframe_blocked	0/10	False	SKIP	higher_timeframe_blocked	0/8					Недостаточно данных для 12h trend filter
DEGENUSDT	ok	False	1/4	False	higher_timeframe_blocked	0/10	False	SKIP	higher_timeframe_blocked	0/8					Trend 12h rejected: hard conditions failed: ['close_above_ema200', 'ema50_above_ema200', 'ema200_slope_up']
PAALUSDT	ok	False	2/4	False	higher_timeframe_blocked	0/10	False	SKIP	higher_timeframe_blocked	0/8					Trend 12h rejected: hard conditions failed: ['close_above_ema200', 'ema50_above_ema200', 'ema200_slope_up']
DYMUSDT	ok	False	2/4	False	higher_timeframe_blocked	0/10	False	SKIP	higher_timeframe_blocked	0/8					Trend 12h rejected: hard conditions failed: ['close_above_ema200', 'ema50_above_ema200', 'ema200_slope_up']
CORNUSDT	ok	False	1/4	False	higher_timeframe_blocked	0/10	False	SKIP	higher_timeframe_blocked	0/8					Trend 12h rejected: hard conditions failed: ['close_above_ema200', 'ema50_above_ema200', 'ema200_slope_up']
ROAMUSDT	ok	False	3/4	False	higher_timeframe_blocked	0/10	False	SKIP	higher_timeframe_blocked	0/8					Trend 12h rejected: hard conditions failed: ['ema50_above_ema200', 'ema200_slope_up']
HOODXUSDT	ok	False	0/4	False	higher_timeframe_blocked	0/10	False	SKIP	higher_timeframe_blocked	0/8					Trend 12h rejected: hard conditions failed: ['close_above_ema200', 'ema50_above_ema200', 'ema200_slope_up']
TAIUSDT	ok	False	3/4	False	higher_timeframe_blocked	0/10	False	SKIP	higher_timeframe_blocked	0/8					Trend 12h rejected: hard conditions failed: ['close_above_ema200', 'ema50_above_ema200', 'ema200_slope_up']
AVAUSDT	ok	False	2/4	False	higher_timeframe_blocked	0/10	False	SKIP	higher_timeframe_blocked	0/8					Trend 12h rejected: hard conditions failed: ['close_above_ema200', 'ema50_above_ema200', 'ema200_slope_up']
NEWTUSDT	ok	False	2/4	False	higher_timeframe_blocked	0/10	False	SKIP	higher_timeframe_blocked	0/8					Trend 12h rejected: hard conditions failed: ['close_above_ema200', 'ema50_above_ema200', 'ema200_slope_up']
B3USDT	ok	False	2/4	False	higher_timeframe_blocked	0/10	False	SKIP	higher_timeframe_blocked	0/8					Trend 12h rejected: hard conditions failed: ['close_above_ema200', 'ema50_above_ema200', 'ema200_slope_up']
DOLOUSDT	ok	False	2/4	False	higher_timeframe_blocked	0/10	False	SKIP	higher_timeframe_blocked	0/8					Trend 12h rejected: hard conditions failed: ['close_above_ema200', 'ema50_above_ema200', 'ema200_slope_up']
FIDAUSDT	ok	False	1/4	False	higher_timeframe_blocked	0/10	False	SKIP	higher_timeframe_blocked	0/8					Trend 12h rejected: hard conditions failed: ['close_above_ema200', 'ema50_above_ema200', 'ema200_slope_up']
DOGSUSDT	ok	False	0/4	False	higher_timeframe_blocked	0/10	False	SKIP	higher_timeframe_blocked	0/8					Trend 12h rejected: hard conditions failed: ['close_above_ema200', 'ema50_above_ema200', 'ema200_slope_up']
INITUSDT	ok	False	2/4	False	higher_timeframe_blocked	0/10	False	SKIP	higher_timeframe_blocked	0/8					Trend 12h rejected: hard conditions failed: ['close_above_ema200', 'ema50_above_ema200', 'ema200_slope_up']
MOVRUSDT	ok	False	2/4	False	higher_timeframe_blocked	0/10	False	SKIP	higher_timeframe_blocked	0/8					Trend 12h rejected: hard conditions failed: ['close_above_ema200', 'ema50_above_ema200', 'ema200_slope_up']
TAUSDT	ok	True	3/4	False	too_extended	6/10	False	SKIP	higher_timeframe_blocked	0/8					4h setup rejected: hard conditions failed: ['not_reoverextended']
VANRYUSDT	ok	False	3/4	False	higher_timeframe_blocked	0/10	False	SKIP	higher_timeframe_blocked	0/8					Trend 12h rejected: hard conditions failed: ['close_above_ema200', 'ema50_above_ema200', 'ema200_slope_up']
PRIMEUSDT	ok	False	1/4	False	higher_timeframe_blocked	0/10	False	SKIP	higher_timeframe_blocked	0/8					Trend 12h rejected: hard conditions failed: ['close_above_ema200', 'ema50_above_ema200', 'ema200_slope_up']
ZKJUSDT	ok	False	1/4	False	higher_timeframe_blocked	0/10	False	SKIP	higher_timeframe_blocked	0/8					Trend 12h rejected: hard conditions failed: ['close_above_ema200', 'ema50_above_ema200', 'ema200_slope_up']
PUFFERUSDT	ok	False	2/4	False	higher_timeframe_blocked	0/10	False	SKIP	higher_timeframe_blocked	0/8					Trend 12h rejected: hard conditions failed: ['close_above_ema200', 'ema50_above_ema200', 'ema200_slope_up']
COOKIEUSDT	ok	False	1/4	False	higher_timeframe_blocked	0/10	False	SKIP	higher_timeframe_blocked	0/8					Trend 12h rejected: hard conditions failed: ['close_above_ema200', 'ema50_above_ema200', 'ema200_slope_up']
GLMRUSDT	ok	False	2/4	False	higher_timeframe_blocked	0/10	False	SKIP	higher_timeframe_blocked	0/8					Trend 12h rejected: hard conditions failed: ['close_above_ema200', 'ema50_above_ema200', 'ema200_slope_up']
CATUSDT	ok	False	2/4	False	higher_timeframe_blocked	0/10	False	SKIP	higher_timeframe_blocked	0/8					Trend 12h rejected: hard conditions failed: ['close_above_ema200', 'ema50_above_ema200', 'ema200_slope_up']
OLUSDT	ok	False	3/4	False	higher_timeframe_blocked	0/10	False	SKIP	higher_timeframe_blocked	0/8					Trend 12h rejected: hard conditions failed: ['close_above_ema200', 'ema50_above_ema200', 'ema200_slope_up']
TACUSDT	ok	False	2/4	False	higher_timeframe_blocked	0/10	False	SKIP	higher_timeframe_blocked	0/8					Trend 12h rejected: hard conditions failed: ['close_above_ema200', 'ema50_above_ema200', 'ema200_slope_up']
PSGUSDT	ok	False	3/4	False	higher_timeframe_blocked	0/10	False	SKIP	higher_timeframe_blocked	0/8					Trend 12h rejected: hard conditions failed: ['close_above_ema200', 'ema50_above_ema200', 'ema200_slope_up']
RECALLUSDT	ok	False	2/4	False	higher_timeframe_blocked	0/10	False	SKIP	higher_timeframe_blocked	0/8					Trend 12h rejected: hard conditions failed: ['close_above_ema200', 'ema50_above_ema200', 'ema200_slope_up']
BOBAUSDT	ok	False	1/4	False	higher_timeframe_blocked	0/10	False	SKIP	higher_timeframe_blocked	0/8					Trend 12h rejected: hard conditions failed: ['close_above_ema200', 'ema50_above_ema200', 'ema200_slope_up']
TOWNSUSDT	ok	False	1/4	False	higher_timeframe_blocked	0/10	False	SKIP	higher_timeframe_blocked	0/8					Trend 12h rejected: hard conditions failed: ['close_above_ema200', 'ema50_above_ema200', 'ema200_slope_up']
HFTUSDT	ok	False	2/4	False	higher_timeframe_blocked	0/10	False	SKIP	higher_timeframe_blocked	0/8					Trend 12h rejected: hard conditions failed: ['close_above_ema200', 'ema50_above_ema200', 'ema200_slope_up']
YBUSDT	ok	False	1/4	False	higher_timeframe_blocked	0/10	False	SKIP	higher_timeframe_blocked	0/8					Trend 12h rejected: hard conditions failed: ['close_above_ema200', 'ema50_above_ema200', 'ema200_slope_up']
HAEDALUSDT	ok	False	2/4	False	higher_timeframe_blocked	0/10	False	SKIP	higher_timeframe_blocked	0/8					Trend 12h rejected: hard conditions failed: ['close_above_ema200', 'ema50_above_ema200', 'ema200_slope_up']
BMTUSDT	ok	False	2/4	False	higher_timeframe_blocked	0/10	False	SKIP	higher_timeframe_blocked	0/8					Trend 12h rejected: hard conditions failed: ['close_above_ema200', 'ema50_above_ema200', 'ema200_slope_up']
TREEUSDT	ok	False	1/4	False	higher_timeframe_blocked	0/10	False	SKIP	higher_timeframe_blocked	0/8					Trend 12h rejected: hard conditions failed: ['close_above_ema200', 'ema50_above_ema200', 'ema200_slope_up']
HMSTRUSDT	ok	False	1/4	False	higher_timeframe_blocked	0/10	False	SKIP	higher_timeframe_blocked	0/8					Trend 12h rejected: hard conditions failed: ['close_above_ema200', 'ema50_above_ema200', 'ema200_slope_up']
FUELUSDT	ok	False	1/4	False	higher_timeframe_blocked	0/10	False	SKIP	higher_timeframe_blocked	0/8					Trend 12h rejected: hard conditions failed: ['close_above_ema200', 'ema50_above_ema200', 'ema200_slope_up']
L3USDT	ok	False	3/4	False	higher_timeframe_blocked	0/10	False	SKIP	higher_timeframe_blocked	0/8					Trend 12h rejected: hard conditions failed: ['close_above_ema200', 'ema50_above_ema200', 'ema200_slope_up']
MBOXUSDT	ok	False	2/4	False	higher_timeframe_blocked	0/10	False	SKIP	higher_timeframe_blocked	0/8					Trend 12h rejected: hard conditions failed: ['close_above_ema200', 'ema50_above_ema200', 'ema200_slope_up']
CHILLGUYUSDT	ok	False	0/4	False	higher_timeframe_blocked	0/10	False	SKIP	higher_timeframe_blocked	0/8					Trend 12h rejected: hard conditions failed: ['close_above_ema200', 'ema50_above_ema200', 'ema200_slope_up']
ELIZAOSUSDT	ok	False	2/4	False	higher_timeframe_blocked	0/10	False	SKIP	higher_timeframe_blocked	0/8					Trend 12h rejected: hard conditions failed: ['close_above_ema200', 'ema50_above_ema200', 'ema200_slope_up']
SCRUSDT	ok	False	2/4	False	higher_timeframe_blocked	0/10	False	SKIP	higher_timeframe_blocked	0/8					Trend 12h rejected: hard conditions failed: ['close_above_ema200', 'ema50_above_ema200', 'ema200_slope_up']
PORTALUSDT	ok	False	2/4	False	higher_timeframe_blocked	0/10	False	SKIP	higher_timeframe_blocked	0/8					Trend 12h rejected: hard conditions failed: ['close_above_ema200', 'ema50_above_ema200', 'ema200_slope_up']
JUVUSDT	ok	False	1/4	False	higher_timeframe_blocked	0/10	False	SKIP	higher_timeframe_blocked	0/8					Trend 12h rejected: hard conditions failed: ['close_above_ema200', 'ema50_above_ema200', 'ema200_slope_up']
XIONUSDT	ok	False	0/4	False	higher_timeframe_blocked	0/10	False	SKIP	higher_timeframe_blocked	0/8					Trend 12h rejected: hard conditions failed: ['close_above_ema200', 'ema50_above_ema200', 'ema200_slope_up']
RDNTUSDT	ok	False	2/4	False	higher_timeframe_blocked	0/10	False	SKIP	higher_timeframe_blocked	0/8					Trend 12h rejected: hard conditions failed: ['close_above_ema200', 'ema50_above_ema200', 'ema200_slope_up']
BELUSDT	ok	False	2/4	False	higher_timeframe_blocked	0/10	False	SKIP	higher_timeframe_blocked	0/8					Trend 12h rejected: hard conditions failed: ['close_above_ema200', 'ema50_above_ema200', 'ema200_slope_up']
MAVIAUSDT	ok	False	1/4	False	higher_timeframe_blocked	0/10	False	SKIP	higher_timeframe_blocked	0/8					Trend 12h rejected: hard conditions failed: ['close_above_ema200', 'ema50_above_ema200', 'ema200_slope_up']
ZRCUSDT	ok	False	1/4	False	higher_timeframe_blocked	0/10	False	SKIP	higher_timeframe_blocked	0/8					Trend 12h rejected: hard conditions failed: ['close_above_ema200', 'ema50_above_ema200', 'ema200_slope_up']
NOMUSDT	ok	False	1/4	False	higher_timeframe_blocked	0/10	False	SKIP	higher_timeframe_blocked	0/8					Trend 12h rejected: hard conditions failed: ['close_above_ema200', 'ema50_above_ema200', 'ema200_slope_up']
XEMUSDT	ok	False	1/4	False	higher_timeframe_blocked	0/10	False	SKIP	higher_timeframe_blocked	0/8					Trend 12h rejected: hard conditions failed: ['close_above_ema200', 'ema50_above_ema200', 'ema200_slope_up']
FHEUSDT	ok	False	1/4	False	higher_timeframe_blocked	0/10	False	SKIP	higher_timeframe_blocked	0/8					Trend 12h rejected: hard conditions failed: ['close_above_ema200', 'ema50_above_ema200', 'ema200_slope_up']
ZEREBROUSDT	ok	False	2/4	False	higher_timeframe_blocked	0/10	False	SKIP	higher_timeframe_blocked	0/8					Trend 12h rejected: hard conditions failed: ['close_above_ema200', 'ema50_above_ema200', 'ema200_slope_up']
FIGHTUSDT	ok	False	0/4	False	higher_timeframe_blocked	0/10	False	SKIP	higher_timeframe_blocked	0/8					Недостаточно данных для 12h trend filter
OBTUSDT	ok	False	1/4	False	higher_timeframe_blocked	0/10	False	SKIP	higher_timeframe_blocked	0/8					Trend 12h rejected: hard conditions failed: ['close_above_ema200', 'ema50_above_ema200', 'ema200_slope_up']
PRCLUSDT	ok	False	1/4	False	higher_timeframe_blocked	0/10	False	SKIP	higher_timeframe_blocked	0/8					Trend 12h rejected: hard conditions failed: ['close_above_ema200', 'ema50_above_ema200', 'ema200_slope_up']
NSUSDT	ok	False	2/4	False	higher_timeframe_blocked	0/10	False	SKIP	higher_timeframe_blocked	0/8					Trend 12h rejected: hard conditions failed: ['close_above_ema200', 'ema50_above_ema200', 'ema200_slope_up']
SUNDOGUSDT	ok	False	1/4	False	higher_timeframe_blocked	0/10	False	SKIP	higher_timeframe_blocked	0/8					Trend 12h rejected: hard conditions failed: ['close_above_ema200', 'ema50_above_ema200', 'ema200_slope_up']
RSS3USDT	ok	False	1/4	False	higher_timeframe_blocked	0/10	False	SKIP	higher_timeframe_blocked	0/8					Trend 12h rejected: hard conditions failed: ['close_above_ema200', 'ema50_above_ema200', 'ema200_slope_up']
A8USDT	ok	False	3/4	False	higher_timeframe_blocked	0/10	False	SKIP	higher_timeframe_blocked	0/8					Trend 12h rejected: hard conditions failed: ['close_above_ema200', 'ema50_above_ema200', 'ema200_slope_up']
SOLVUSDT	ok	False	1/4	False	higher_timeframe_blocked	0/10	False	SKIP	higher_timeframe_blocked	0/8					Trend 12h rejected: hard conditions failed: ['close_above_ema200', 'ema50_above_ema200', 'ema200_slope_up']
CAMPUSDT	ok	False	1/4	False	higher_timeframe_blocked	0/10	False	SKIP	higher_timeframe_blocked	0/8					Trend 12h rejected: hard conditions failed: ['close_above_ema200', 'ema50_above_ema200', 'ema200_slope_up']
AVLUSDT	ok	False	0/4	False	higher_timeframe_blocked	0/10	False	SKIP	higher_timeframe_blocked	0/8					Trend 12h rejected: hard conditions failed: ['close_above_ema200', 'ema50_above_ema200', 'ema200_slope_up']
AMZNXUSDT	ok	False	0/4	False	higher_timeframe_blocked	0/10	False	SKIP	higher_timeframe_blocked	0/8					Trend 12h rejected: hard conditions failed: ['close_above_ema200', 'ema50_above_ema200', 'ema200_slope_up']
HOOKUSDT	ok	False	1/4	False	higher_timeframe_blocked	0/10	False	SKIP	higher_timeframe_blocked	0/8					Trend 12h rejected: hard conditions failed: ['close_above_ema200', 'ema50_above_ema200', 'ema200_slope_up']
